cpu_usage,memory_usage,latency_ms,error_rate,packet_loss,label
49.57075619631647,48.93291237153322,97.40245100732457,2.998827236248194,1.0532045102953498,1
29.400238406392567,36.872835145274095,86.70611444397818,2.3252306221413384,1.6952184022261803,1
56.25676793709686,42.53948481495455,141.70049117250534,3.859352965650708,1.0733212565368744,1
59.10847074586821,61.41038679920736,132.59272076475025,0.0,3.038831666414424,1
15.734472170192454,50.053879241599205,49.760422619483634,1.1815678700228944,2.2297874524704184,0
25.467307397065227,56.12377958363008,176.13391272818694,0.9449743392686095,0.49247223528298445,0
46.91760604750928,62.06142635963942,115.29027123245834,0.0,0.4819725661929308,0
40.256361114846264,43.25285366784303,64.45344523921398,2.772392645735633,1.2696967194853532,1
44.74798263743567,63.61246694533651,179.4392057176937,1.17552413303597,0.0,0
32.2043410863963,56.8191668622511,151.2837785798077,2.387557445983875,1.9662883065324868,1
58.19096962294243,27.773364435593386,56.77290040260429,4.331726321195534,1.1616005218435839,1
56.66687903143422,75.96148624135239,208.8591420128862,1.07610756980687,1.0564589108585327,1
45.99046046341824,40.98659461237551,152.93986841830963,0.9946164208114138,1.4869536677708164,1
61.90861810452049,20.20828382266669,119.49019421874769,1.6423970036687952,2.522829883369059,1
52.012640133780685,31.189213227446558,199.51094028108898,2.6846968235800914,0.9709553521875052,1
32.110613056751426,31.621187107790206,127.96488919148203,0.8199443696278201,0.6869596291286157,0
50.53126176123748,50.939119735835604,118.5958462447984,0.7428460834414433,2.3087196233225784,1
30.616760987565016,45.07069090016773,86.98499419890055,2.768627124289639,1.7675504159911353,1
58.17675451960909,43.93702458246933,149.09252196535394,1.9543671886056426,0.47902015961627775,0
44.251111335206204,61.15463537868462,143.83014836619898,0.0,0.8051864486590201,0
42.22706454682109,56.11775650146867,120.73400699448557,0.029529840637070315,0.9953809159387986,0
34.786056833940876,55.68886167159715,80.50068230661985,3.301483036592652,1.161812944604983,1
63.33812008011046,57.37691223191647,126.49649270830369,1.982313939694575,0.0,0
42.682057768967965,61.09042402404029,116.5100607118931,0.5853648827553012,0.0,0
38.57508266755339,12.056839848006028,53.32628406328995,1.2955084113180215,0.0,0
39.717996742676554,43.4401114592397,46.40938243379071,1.5158840073620043,0.0,0
52.98463778330023,10.756218839189472,148.2576689404885,2.3828800323361965,0.1561759860274975,0
50.481660965461174,50.64907868236032,10.0,0.0,1.4347106420900042,0
51.190989173939826,49.91660649996179,130.270526348063,0.4908610335954504,0.6310708436752617,0
51.46231504511824,68.81958094621424,96.09584711230877,1.8275469058360665,0.9963946050101883,1
77.12471401305692,71.37741906898017,185.4123303439955,1.3801985034054596,0.0,1
38.90377475423077,53.64995086854261,95.32658954230621,2.186231019164052,0.3383577970790549,0
37.31635906392694,40.993500606855804,152.9742107125948,0.024591123168482776,1.3872576617448404,0
32.79340907628183,58.732900025823284,100.15430793811042,1.9285544115255853,1.3949524581768018,1
54.23969133863243,40.49748252816236,125.68740767430717,2.8099003432529663,0.0754261718120921,0
61.93458439081337,49.97493227401972,156.84182654600255,2.08418225657914,0.9616623863795537,1
43.290788135176875,67.75045370529382,96.87221418377099,1.6669340877139103,2.9988478534823324,1
32.39765284556208,39.96011577219038,169.8277442249202,1.3849396769208349,0.7824020707443619,0
32.6327817646314,64.50221550636502,70.31510614467584,0.49817861667419794,0.10681305385755469,0
54.75889181737052,62.193224636461444,134.72964212791896,1.4136016890722538,0.6262376106378398,0
56.14881256805163,32.813747291645214,166.13198613939264,3.0116470234564874,0.8921771075268331,1
53.14731402457792,67.53009430791322,153.00187458951675,1.3571657920798497,0.6488316193094507,1
35.01735439066958,62.57419421668709,215.8222438367705,0.432235212781908,0.7686452993234982,0
48.482419846000795,51.83466597270783,81.82803413446698,0.9093034934815365,0.0,0
46.750287137110924,36.278177755502256,51.04253743257061,1.7410203567311162,0.0,0
48.28032895093519,34.53429166563974,70.28324457524403,1.0517832033829837,0.6506647629285025,0
58.07143166922285,40.322073615745595,153.02212832742185,2.0823639396757687,0.6347320299775634,1
48.35393323162023,59.76670033925528,144.89614671346894,2.1274125128988364,0.23381072513999945,0
55.183703446078425,32.79874698677484,125.11283298237079,2.5667798164855777,0.6229864139235631,1
46.01368604233337,57.87522047515766,63.85214754464351,3.2082713667180394,0.8610148554142054,1
49.33679098034976,27.648400480188933,158.34336466645306,2.695030469246833,1.6894134565245253,1
54.46932338757811,46.32676548010072,58.76476111747298,0.3789131230224483,0.7007882647739492,0
23.142662702165005,51.973659582332154,177.947479118845,0.4157586641084734,1.1991032052982533,0
40.204931754640484,94.0123426110605,262.87192115699327,1.4090742282482107,0.25839969856607903,1
37.944410185608064,25.208318200633386,138.32255732857752,0.9585895713127026,1.3720957235984819,0
35.41683227634987,76.4962621968224,149.15540678288716,0.13400792764686886,1.1757302976123567,0
40.872866231599744,52.69716345177104,95.35701155522203,0.969969846992407,1.6658170031798196,0
67.42411966851594,57.40109452428734,29.489333945659183,0.9305844796571532,1.5134604624444878,0
32.01253326460135,52.13026244098768,89.86403184848888,0.6937827122865531,1.3887356228811463,0
59.52417531887221,58.00508272751419,65.35523794506253,1.1210526166139934,0.7015825913422198,0
19.75695342576293,47.23366812148368,47.649771179249214,2.9141410203819973,1.0449392270444682,0
39.976724550213376,76.17290326623424,206.11799709978246,1.7390856494990872,1.8635089284515265,1
47.441295976575084,41.783519403955,133.64312590128864,4.466170891266563,0.14792543059720564,1
53.79333497038917,70.38022229922646,138.9843790306992,1.7046098232235791,0.17159222130313445,0
55.66839869689282,38.40139183616559,104.54888174018753,1.1519210712752979,0.981431397950362,0
56.90020852799888,48.91546676477684,111.35644587782818,1.5049594591858393,1.2152796902654535,1
39.769123916273436,30.704674058776053,168.22753411196666,1.807790374132248,0.0,0
38.064723110031494,58.19042696625536,118.38314406523922,2.0223047486052765,0.7252374365866917,0
57.869638218857304,76.0122672246776,146.53469690123663,3.9920535910308286,0.7060012257712153,1
42.13043512677578,48.607588763224626,110.19978510774921,0.48561544202691764,0.0,0
25.864705149931172,46.456057423329625,102.89235546339765,2.5308552698132827,0.5804060107412403,0
28.00069178994779,29.936894664777316,49.654291719906894,1.7493007171369486,0.6426821671515337,0
31.208215709975832,45.872732236058454,21.112546881643595,0.0,0.639707057176981,0
52.45741116080646,21.329703325012503,106.92190494667992,2.4248385385137157,2.215914274577268,1
47.13638604105848,33.56819623906111,122.82483459966163,3.0211482729646857,0.0,0
55.357280311016524,54.08214882996444,55.69349816456045,0.4713883154670844,0.0,0
38.591210304951986,73.74223755934513,118.27625674826835,1.4892793585296351,0.0,0
47.37809536615072,100.0,122.6876281495251,0.0,0.31908333382585935,0
54.38385590951005,39.441468468723784,12.199599697031047,0.0,0.4043564458739991,0
40.35980190419642,75.83540281961791,74.24376702602494,2.757635493140703,0.29002282366574383,0
51.851628563361174,54.38754464722966,140.36319468677343,0.9403001927910786,1.90767733948376,1
35.071110884000234,47.277542358565235,139.35293646978718,0.16943643007435294,1.6606175223369632,0
39.554192301523926,57.78670013107074,62.31625418001197,1.7753524373501155,0.8778567242673042,0
39.273931590025065,51.114496706239265,127.92240252498675,0.8731050822827722,0.4293869464601378,0
27.062405316164405,51.987123061019936,171.1203612680236,0.9350140106693567,1.826189668106864,1
52.304587211783726,42.650003069119954,158.85364794954492,2.3871912308098837,0.7802421401641484,1
37.958964896959145,24.83402612362069,115.23571064930327,0.10591996927878422,0.0,0
45.18741178091531,22.214746354602532,96.60118433378538,0.4135617447818014,0.0,0
52.211199883588634,61.758407899062085,88.53277578327479,1.6848959905786423,0.3586855061043174,0
51.697967640449164,45.01939837845716,143.39098914548285,2.663291748897846,1.5546436171726086,1
54.98077663459179,39.270399806189005,129.7551986571444,2.9857923617878193,3.0765386895430895,1
43.52271773235864,50.15310128101677,151.47020030511,0.7019259355660524,0.861610346189476,0
38.650525319337696,64.3087805524813,126.5936906560576,2.6248523603035774,0.034644484879695736,0
43.80422683640401,53.24655097447517,160.9381975173721,0.5590292478355094,0.0,0
19.68998349062955,38.191011140462585,124.72962664788501,3.6914512162881596,1.3519548963055987,1
23.29331291365369,72.07327320168109,159.23443580658432,0.13947476949632587,0.0,0
25.159505814683964,78.42533905366938,163.54113851833193,3.0941745729500774,1.3503451014048884,1
30.041297585977773,58.902019795811356,79.77366848875933,0.7122166718175313,1.6177116062629122,0
50.99661340085155,67.52594320419362,29.592797656462707,3.91589574575352,1.236279453232864,1
31.41781416959909,72.3552799426486,197.17464280072767,2.209584874622981,0.5803383280614426,1
39.32756168940915,70.34178769528125,132.83293653561307,0.2807801647101338,1.3649406535468147,0
64.48842446679097,61.05378518802723,34.27570522519392,0.8733138245489919,0.9709383711283,0
39.65604043407861,60.77024684734789,84.30902513906445,2.43741744626849,0.02187615813940824,0
56.0627335270063,59.35389032023705,158.59371461849142,2.7631733011386737,2.6504123223750256,1
30.995734799851846,30.247921858153216,106.01615844335535,1.4151412899306448,0.4483206203894837,0
41.91843663198555,62.61301682347254,94.39692903404364,1.5535899371561597,1.5757523004499094,1
30.749669176341282,25.595348519722027,190.04409301564834,2.4100236391728784,0.0,0
39.91450386149156,35.69720980774901,67.63564268080947,1.658158112412984,2.076470882780929,1
57.60462206186094,73.46417122054558,80.0923321122583,0.0,2.268763744654582,1
19.09019365211477,65.12396292849556,130.56932375241337,0.5244311704317832,0.8298337871266382,0
51.51635465318786,76.77316921434553,139.5227466026941,1.782143931781998,1.3587710347377584,1
48.56603403498417,45.10986109362874,144.81715171703658,2.9585788997972324,1.358515181607563,1
36.08775066454808,29.259520857018185,165.56190222844734,3.439178908994457,0.1572164303592758,0
23.30913218417318,45.67213045273383,129.92893103407584,2.4354353049257402,1.3471223054393402,1
46.081942615708044,51.83656335033034,144.46919694692045,1.8447489132436365,0.0,0
37.05760936404296,51.42179689412018,107.03953703424584,2.3985766631789724,0.19124307635467397,0
48.49014317032056,70.40624861762063,123.1349151618357,0.6998989797517733,1.9269431432122988,1
45.32778218285164,43.49713234993798,125.37670900268172,1.316122847690143,1.7746576907002027,1
69.02668336981372,56.33662049245264,130.7549067909518,0.511043134392628,0.09362449788420746,0
41.409665587904634,32.20471131017709,158.62699037913802,0.0015088671507461626,0.06642365649895943,0
29.647537610672025,58.10571100478863,147.75728409724155,1.900258813963446,0.1544033975423279,0
47.689134524344745,50.05595390334146,122.21085014500916,1.7226159679016924,1.5326395664654908,1
48.29995025957648,36.503359910878686,79.54370075294801,2.3251829814108156,0.0,0
65.38781362860655,45.75507148085265,123.38356290313547,2.1553341970709368,1.1567126390359526,1
57.52666868871868,46.68483656272601,118.5991107552128,1.7911731255886343,1.5468468106342947,1
50.35306588724264,45.137207671932266,129.6590789906599,2.167939998813065,0.7117545497068999,1
66.94954336829343,81.8841423608183,230.3262653570201,1.4487802845270281,1.8100636968649277,1
27.168554185157237,48.22797195845817,93.81136107293823,1.9954696742668807,0.4956898305102076,0
35.40372700875378,45.60987001680792,141.11445095626797,0.6286267167763685,0.5861443990060856,0
31.101360878917127,12.245882763017448,173.4231033622149,1.943647110766956,0.0,0
39.15285295266348,33.90426766436941,124.90009570496915,2.3021012223432114,1.8171773476202053,1
24.34970778665537,45.26467835978565,236.89225595860825,0.6963822863133563,0.033479553021129704,0
54.52726420221607,37.654651828820434,101.09803541342616,1.562198518791416,1.1497718177150593,0
41.6666595435184,74.87073668080035,136.20446111600236,0.7516769884447685,0.7286839328740653,0
22.937905582460132,47.03112004286807,80.0597127553509,0.8681919641806621,0.0,0
29.766313781886875,73.19199648772855,102.42376324283535,0.15008477387741448,0.19089685617667929,0
49.70270771175293,51.110683412906624,132.4466955198329,3.0189299101998666,2.182872239040734,1
57.571898518415715,50.67010105558838,162.31520311538648,2.7788222096640576,1.0016575426344805,1
74.9509633753768,48.40166394117498,135.9547417011787,2.1449206250728046,0.0,1
88.70793699010994,50.068332529186264,182.9557424667368,3.8666351423325764,1.1053282873486918,1
51.216141499139944,80.93831005489747,115.25173447036642,1.27290516411793,0.653885968405455,1
30.15692819952204,8.247006918478071,103.39157350804973,5.138114898132761,4.254046402244182,1
13.019305789030362,13.97217660010378,255.1992553639693,1.2269647015641356,1.0851238413422726,0
49.015671935157535,40.22292504098995,139.71188247210154,1.8062320221072197,0.41937515293363553,0
32.80588357034511,50.26150187487624,84.02592270107262,1.0226665032717501,2.220027917787104,1
38.76964109730472,62.42187964575222,85.28681188759656,1.946790672072366,0.0,0
35.81854801410288,58.515569564494555,72.86600427343298,2.502737913463493,0.8943201563810975,0
42.88813670375422,43.08357356814974,166.8284677928394,1.3633003283362992,2.794428494681073,1
60.989703461814656,68.34278647835173,101.78113535533791,3.6320638165411445,0.683800715640246,1
47.35572851168017,68.54351725674915,126.36812378282428,1.7869791415601528,0.0,0
42.62047744441968,53.31304096288818,116.82456627808656,1.824582463332239,0.4040820355894023,0
29.465193707612826,67.32783630476314,156.57462039704671,0.40920276658353916,2.254518040959037,1
19.879755829434647,54.90761474177832,77.662795355799,2.002198889460461,1.1760695963207712,0
37.70538136390004,39.8933055179081,66.22138569284922,1.3391673350287614,0.0,0
44.193261737725194,62.56070310200008,131.2148653590797,0.7701123247952558,0.11475719282097607,0
71.51894870369824,51.9910362064162,150.04796423499485,0.5682307102219634,0.2402997288501867,0
46.95411782209329,50.02411724158077,136.62661565488204,4.706116055708022,1.1611978840539963,1
59.74109266534586,76.51316429941234,79.52731354513362,1.1838272997851575,2.138196132938653,1
37.51056602191272,5.884301686278441,153.8742421045697,0.0,1.852423012799171,0
27.22584350374463,24.481684937127746,82.80695364521829,0.6621342483209129,1.2560121821091286,0
30.52324856651442,28.632732325261337,93.92306776068084,1.4381185926285438,0.0,0
34.1216090319637,43.4613083437615,72.80232376389989,2.156000439139782,0.0,0
76.92704598652747,45.417052944211456,185.05791743260153,2.165755826070376,1.3332520212137635,1
32.679199811634206,22.868138340085146,151.67107705136746,2.3119374621318305,0.0,0
57.57733805604518,32.267155418405125,150.24966878394366,0.7261676320352045,0.5744329789313958,0
31.456092328694602,34.50484978657573,182.3605710571225,1.9085285322018546,1.104150446186177,0
58.97359519311366,94.23363365736606,260.63246241193616,0.44872864306730587,0.0,1
50.77426449158795,82.43135505944863,34.53869480449222,0.756428420383186,0.0,0
42.65043153512865,42.58851048167631,83.0811709561446,0.3987492305996887,0.7058789354321814,0
44.38856210796849,43.45550077447762,89.19124579127381,0.07393337448207671,1.3036502875240539,0
35.178184568559146,29.314328050610705,77.45901888086536,2.7770513866296103,1.8615187704137568,1
51.69108302223121,15.6536525619452,66.12083761981437,2.326334041174665,1.407053434770552,0
38.1752477948883,47.89615664464657,105.01734679723172,2.671998443973756,0.8736565949921946,1
26.615913543491278,32.03866430160754,59.169814235529756,1.5471756792291556,0.053805246442950705,0
25.83093638520571,48.47269043008382,136.75211837687067,2.432169238638176,0.0,0
47.58881876583179,21.196294717217405,122.58491607143073,0.0,0.28912291167085247,0
68.68636884615653,36.28445975041536,144.05143323818277,2.535705021654426,1.2099355849805673,1
47.39987420360158,52.675287715450956,145.38642258191263,1.7125437960060363,1.136623706627343,1
43.22042510835176,56.59177276011087,150.15034267133382,2.252531520178999,0.0,0
49.28739209403814,57.51449525735626,101.32955315880588,1.9560279588583358,0.01432297173249708,0
64.59002612560238,26.231198285173328,226.05717013168336,0.31553381455573604,2.0045075516061557,1
48.290737520457846,65.38434314244012,131.72155582410488,0.0,0.8792150478041395,0
38.83609153749394,35.596189461166695,26.87576236876025,0.6455350005804441,0.0,0
61.59433065089833,61.391442462931515,69.88121271168913,2.1779007375274944,3.155821181598151,1
51.4313465769242,49.808503820872524,32.97485054860921,2.3281096982104743,0.7710582676852354,0
68.03633987993987,25.225025016596938,120.86673145756536,0.0,1.184333959313408,0
47.74851655832859,44.308441317538616,113.90973879733332,0.32268075903814264,1.1995247560451345,0
26.632964524192495,56.57654735714782,96.5787151050271,0.6321171768709929,0.432404533839814,0
24.477612011315024,61.03337684854279,220.5463056200257,1.0712339276798213,0.07242631817860579,0
69.76391898346874,47.46221784600046,147.44914370384555,0.0,2.9216749850659403,1
70.85498581174946,77.57202003081895,156.30491807231672,0.0,1.8032058696177506,1
42.30721180076099,68.13519387775807,73.44632560289483,0.5137976443109353,1.6219372011086766,0
39.252190182960184,45.38022590480445,70.04275543344939,1.603504603470007,1.3762891917182107,0
66.92166438363303,63.502192618465,121.84027495484774,0.08328679229581137,0.0,0
28.39431476934768,84.80828273338736,128.6503569826113,1.3610357880338806,2.0775301917402738,1
31.579094715662606,85.28872281409448,27.18442164427715,2.7702633793701787,0.0,0
54.649901920335665,27.896002145195045,110.9846488575233,0.0,1.0832867981506458,0
39.080923157106156,33.322403999171286,120.70360414367524,1.2522650899073526,0.0,0
44.92317199919893,76.72853816120931,109.24254171144355,2.7297080805009273,0.0,1
42.54835652213231,30.95094108492253,79.33047938266617,0.9980779315634288,1.1182912026531149,0
50.063618231984,26.194259600749778,93.02324090394299,0.8115963709698973,0.0,0
66.11222791970576,41.248505647417154,111.1570403213602,2.8961949771677684,0.0,0
46.35877360352618,57.564080770542546,124.54000118050239,1.1325575052341426,1.3406095029470757,1
54.659081899152866,48.156859281000266,150.2395791275284,2.8253940302466813,2.920080771050789,1
14.247418484534663,38.28985483269934,174.04281024754357,2.0147584693526386,2.1895602585800615,1
44.269223971048234,37.86417568895884,105.2826138236375,1.088586416508196,0.5426821147343275,0
32.35154594560693,37.177932840571245,97.19219019423211,2.0756286367170365,0.8088453066969458,0
26.71780409364558,34.168826684139034,141.88278367671532,1.8845394166152454,1.6877062567839132,1
31.827714496068737,91.0693917909691,150.54224582054272,2.725059385202969,1.9221280198349069,1
39.98814838948782,55.35519928133999,98.28997833705571,0.8419853545619779,0.4564642811743013,0
58.73853813534019,65.9616629792853,159.51967384830863,1.5494472801379435,0.8341777157245743,1
25.10410923390654,41.19660557385937,168.97926705779867,1.4261811844744352,1.1006148067645365,0
45.45947238891626,46.65277981065112,184.58432328293367,2.3449777699677417,1.353876320278832,1
37.73745849999632,37.15602833533361,208.91604533599113,0.26978496666698915,0.6669235579887332,0
40.08490358457059,2.2692499714543644,76.67919306702805,2.720372457885427,0.6799147549312557,0
60.04136737956906,25.19583301673841,120.69491046662556,2.0595945266044997,2.1798323297543885,1
53.07173155505889,17.408863760352894,120.563884830933,0.0,2.0095207024428863,0
65.06097161164115,9.503891996871069,115.09632157337462,2.9499153905766002,1.2774105734360883,1
42.68241481125149,28.48353846263415,87.53685401949319,4.180911696957278,2.5191090700229286,1
34.56086082493945,73.84920222886936,45.72189983844643,2.702200763459289,0.413554237773583,0
41.64211774679251,49.20014898132162,124.63397230145019,3.212381720671763,2.4229734486293806,1
48.63745186906832,73.23014772178114,81.58221702260437,1.6024456579231057,1.3425154435355506,1
47.64860037680567,57.39768638421575,124.29967403738125,0.0,4.071026122214589,1
28.734178916499502,64.08605886287286,80.29782291505734,0.0,0.0,0
46.357346724418115,33.78385408451765,65.01708270778293,1.8060984526413102,0.11065474778265849,0
48.42342495208358,59.431117175468074,131.71491801884488,0.789625430724024,1.2187978282005476,0
82.7621105630088,63.116856213338224,127.5460763403248,0.4025084660071785,1.197234052978992,1
73.15266916922505,39.62034873979353,148.96409856604666,1.4247039792375895,2.7501389841750186,1
32.2013497416177,60.07172667109099,229.29318832088126,2.2387023454335457,0.13162531670046618,1
40.68924957676236,60.19137965434699,133.86447656054233,0.0,1.7049185186938844,0
23.048369972444952,40.10805281965851,144.25408835320647,0.9613468556635383,1.9624630046819957,0
36.139394790547705,29.79016821912209,66.12193355663373,3.311844819744378,1.5046478322206476,1
49.73407505385511,28.6856900258311,55.65462797318128,0.20965394373435053,0.0,0
63.0878043133235,51.55709975458631,199.1414723386667,2.5437134245979474,2.207758805254198,1
34.063742433845874,55.88617763820767,73.82601100333483,0.9183230861412073,2.029324931315414,0
35.18780339898305,35.73453505175754,67.8027964265679,2.154952511819943,1.3995845197903773,0
12.79066455392018,50.478536143869775,118.04505393917235,2.8167930086434403,1.0043476872089543,0
42.56001119182638,60.26966665049274,115.49037933113058,2.389538120382026,1.0261080100443714,1
29.063783822106554,61.127432863975415,74.87467467783542,2.590991522656652,0.7212642077606223,0
37.05840858950889,77.9338421622048,104.751339064345,0.11808775991045262,1.4407851342526419,0
31.847088327486176,72.98565497956479,181.46878588250522,2.836391648089559,0.8311348529449776,1
43.58606168621164,31.976754210382207,79.70031955841011,0.47676826243821613,0.0,0
18.634074129650532,80.3045517716844,50.31637578169142,1.811450118685846,0.0,0
22.994321319135143,40.442422917997135,167.1296810449896,1.8098954243966723,0.04796374634770795,0
76.93870668042447,68.80771062417969,144.61484559690183,2.0821470706434972,1.022132242549452,1
25.688661280889534,51.2237592689196,88.97406896756692,1.9043480112722286,0.7730441635647928,0
28.548216323180405,42.58131118777458,40.891649193654104,0.4874280257703323,1.0153437932887492,0
72.5537029248197,17.461456524051208,82.76883217807185,0.0,1.300813133546111,0
88.5760075386061,46.911838816105735,117.26477815753644,2.5468184159541223,0.1726790740831211,1
27.426500567619875,21.93110176449904,178.28360449419097,1.7230014930226987,2.265660168345348,1
39.47626564817954,67.4113862451699,68.17090125651715,2.8792522091493815,0.5322891729525256,0
50.12333326410764,77.30226782850647,115.77400592442633,1.4463204789745585,0.36657301521849106,0
70.93046466608388,35.65560219265957,153.7572329947449,0.0,1.2823862373324524,0
30.19714382357644,55.43547336534688,10.0,2.6593556172049273,0.0,0
41.320832310868354,36.94295260385644,171.689308396945,1.0555552684066716,0.009465550277080736,0
56.66006364092616,38.68727485753779,60.877471389678135,1.9104041489052255,1.781072798691833,1
51.52149111699928,63.94090466957668,136.59977467284673,0.7230486858245769,0.0,0
39.357658931548514,49.30631128681858,132.33415748053721,3.4731620522804283,1.917574196933156,1
42.992655532259384,81.31366475475821,174.22931957319224,0.4481222109801637,2.311136566359135,1
24.376562874450272,41.31981538334742,147.546219044677,1.0950842950725903,0.4305446621762517,0
41.42739384038002,67.98805398454081,10.0,1.6289384432367797,1.09181276742631,0
41.00418764986567,51.75344143324008,80.76103764220044,0.18938120749565024,1.9190870848510266,0
48.48254834439384,64.3240041753962,126.910256467664,1.896623434305114,0.33321081195648034,0
36.67009171771476,41.95116216806096,110.25100569401066,3.434292572960988,1.6677755205261815,1
52.073077838177085,49.107940924071514,143.88053648783853,0.9114454071675475,0.12885120486932844,0
60.19073726729743,47.92102017261917,159.46832778348528,1.9741713828380707,0.3223977066668207,1
47.33143991502699,34.95097193277583,150.42258682148395,0.0,0.0006635356750263055,0
50.276346125988056,61.91746762247155,109.28625287227673,1.4532849594181911,1.1426471991948035,1
45.79733021366801,61.70448210041056,27.683149443975978,1.1243492568885536,1.9579690525655495,0
45.001265896371216,60.6839845083002,97.22593755725913,0.5178028771075381,0.6158870678828358,0
34.17662949685729,77.6653817705176,140.81840740694776,2.7977405635542385,0.0,1
49.74741392509962,76.08820642225346,65.47763737247612,1.108507582051406,0.0,0
43.54070102379766,43.25099558271556,151.5637365060788,1.287027015487695,1.1945994213705404,0
76.39752463395892,56.71494173181521,165.41966486336523,1.0473685502531147,2.6441164133942694,1
68.60032353712865,38.77518759335217,126.34334881479212,0.0,1.1937249993143975,0
50.787698288347514,50.420395690062,10.0,0.1416162719076468,0.4131034493487474,0
33.55414185457849,39.204509915860434,56.09558186440983,2.6533121833442594,1.5661839668502842,1
28.31382792024873,79.16126556444891,214.3094579278041,0.0,0.5605013644132537,0
62.86714429633298,56.54656670617333,92.6731103485811,0.5804215804611533,0.42171478263579365,0
48.94123837720708,46.0754756941204,20.7928388435502,1.0203359324522834,0.0,0
52.202151050874164,71.48513429341479,181.7623694155136,3.5923462407498783,2.208448844246356,1
18.83121019538711,10.928922623682595,120.66777957718364,2.4223245185956426,0.0,0
58.91157722337271,13.746153292424786,175.24702444788628,0.8313953675362805,1.5978592002792693,0
51.816305073215446,64.32509579395594,133.84793376096826,3.065416436538661,0.33625506220246315,1
28.34353973378283,51.088432066112624,142.92795681060844,0.6113810153986564,0.38965926854838734,0
37.927127888250766,54.50803340469369,138.15046238572583,2.7109197644808063,2.4923151561178125,1
48.955758065347794,26.124870140266122,154.87441559605,0.0,0.08586890779994871,0
45.78700197534366,49.58179320469341,233.8715224278049,2.7879093981469887,0.11993084597158987,1
40.617432212946674,86.06316938722415,168.5503167979594,1.0126396254348173,0.6696057610804697,1
43.44767597901059,64.83559315632553,40.983034107723256,0.26579491087047646,1.2138473858122383,0
41.22033932689672,53.054717812570615,142.33307576394517,1.2394276643084232,0.3581442177071306,0
47.288437681537026,42.09702961811112,177.07403840516088,1.8328130156642577,0.0,0
67.07237959489736,42.89768866635091,180.1350403268073,0.9063018833691454,0.0,0
6.500123386030538,11.674437994399682,98.66975084704502,2.1647442071943885,2.0813338564645196,0
41.447246032354734,54.637527576580894,178.24722225940639,0.800407339603119,0.8747767891355115,0
47.64768632058671,65.21869595267337,166.38711997756025,2.2444468727176297,1.251087283703822,1
49.439909845306495,21.638852110928926,248.6258718484865,2.0306664744439193,0.5385787928269625,1
39.42128128018065,38.09449593847731,82.49991318757442,1.426892334350478,0.14050230382673046,0
18.64917326282126,29.165636619798402,94.62997117997874,0.9703412251608602,2.477569449875411,0
49.91993225571164,32.623678493442256,104.69404757700231,1.6818489549183193,0.6118081429489194,0
70.91025321246278,50.9626692827942,95.48889249806123,2.160304491640439,0.3566301204728732,1
21.992078926257935,12.480761210207461,75.49896251181985,3.97415898327793,1.8961423663553396,1
57.95742020547282,61.05686789042715,10.0,2.627304506157817,0.07763964113261479,0
40.07212165315659,63.56939125880628,98.2650263138433,2.6711879397790095,0.20527265622600332,0
44.08013481256729,45.48015341533558,138.46790298499522,5.2062146338323405,0.810246684016898,1
29.206522339440767,5.347246820278251,95.33890772470447,2.119150172121413,0.8002701040881798,0
39.98315741466185,32.06446473195699,216.76905917645547,2.081572213574043,1.0596113479032145,1
64.50066892048437,72.19223481384853,120.66879063579313,2.344818089185985,2.8916690893954877,1
53.739828629815605,0.0,184.55145275920677,0.28924082689409625,1.1362482463523704,0
70.98467408114917,43.74457858051665,133.07102063649842,0.9673180362974926,0.0,0
62.66117833466541,28.75998598758934,161.3203654946629,0.8925968799691992,1.126298943431561,0
51.58630018394364,64.48226542852706,133.9620776966781,2.277136772663474,0.8378799944895988,1
71.15901789251689,37.84794886141769,188.43923159517814,1.2909905253345615,0.8434500243514577,1
51.584897381074484,57.27117237324101,122.79696750662004,1.6658681105691633,1.0459473093961709,1
57.41982265195588,60.17828754504367,144.80603540443929,2.8049455441781577,0.7713217123252006,1
40.551435696979375,83.05206511514035,138.31664668250218,2.5357808864449662,0.747387906944611,1
45.998187237888075,46.347045013843335,105.58572709363406,1.3059347963505035,1.4130442097707863,0
34.538642650495845,56.76879865320701,140.24911594623384,0.696005883746133,0.25791920280549907,0
59.843759018922796,23.269001375706154,231.71931230988412,2.8623296779838263,0.0,1
27.325445653277015,71.42744413928739,106.4801528952279,2.4286694170918386,3.8237814526223914,1
56.73525513626492,36.310840734715434,140.97324464266242,0.0,0.08414255621876665,0
42.14023413742261,39.90642504642058,182.88894754347214,1.124215273310063,0.9001429124600765,0
62.568706402009795,49.59953969271421,177.012664047214,1.698618554420115,0.0,0
56.2630348309689,21.868081783882708,120.58582088596826,2.4345956605452375,0.916468415051422,0
72.30969236470202,54.11786052072088,10.0,2.5921217939277255,0.0,0
55.961620367079675,67.41439291265019,145.83514093242331,1.8406872014105682,0.3575270571499891,1
21.41939616520139,55.27280882295125,10.0,2.2022970376306272,1.8450646657711238,0
43.99570240652699,21.39984384478295,193.49686154706154,1.5769641628537843,1.2720095683780737,1
27.41989211107776,47.77143270206613,128.47369355966302,0.6913779741833272,1.3684095245748191,0
37.22580236450588,63.35652025363083,169.98370099359946,1.1864827307504953,0.0,0
67.66842649915083,16.196202212613656,74.89444309094745,1.5227894239681299,2.636895169829013,1
54.56300716346544,30.65421175128115,42.37462633499729,1.458384899977692,0.0,0
34.516043571318804,65.77778487346735,133.03771920705836,0.0,2.3285608142938647,1
29.794239503394017,54.86171781555116,118.3198280021929,1.0230199980846826,1.8215438659814862,0
45.491731393143915,57.41548847828157,95.42295869214172,1.5674467837069823,1.3773327417846801,1
26.751597759283083,83.4709065372196,124.23306403663818,1.1623560097131589,0.0,0
34.932895839051284,58.43395001311165,258.37179460161303,1.203811445386097,0.951589844819523,1
49.680142073268655,61.84198418779723,161.72627736845288,2.0855896449655047,0.3290785893551402,1
62.32968054160044,98.79341948992987,172.47493029316595,0.2052513755416394,0.8290395715052918,1
54.131422083366594,46.151517954371165,162.19684457766778,0.0,0.5501277409144402,0
10.630657371028498,35.63811025486709,193.97310719260963,1.0821962509959901,0.0,0
49.5655009354539,57.70033516844839,110.49641635496276,2.4169372866021477,1.921784150984588,1
46.08050359848867,57.90183852900011,17.26193461623531,3.5250636473839663,0.7188928434506389,1
51.2083542805904,40.51912294496825,110.57069334969951,2.438553886913688,0.315199600497763,0
69.24314522476811,31.416853648012744,160.58678549982508,0.0,0.23967276717023234,0
14.051425847928858,91.5771995976214,71.50998024424632,1.2211593127478746,1.1584595763667682,0
36.133448622133415,55.883182466984415,111.18170247553348,1.8079612572978352,0.0,0
53.86359484190032,36.81886313476264,85.41151284988435,1.7131093403083106,0.0,0
21.276084008190864,66.48674544103278,195.1014625921565,2.147165463531449,1.2071298032082762,1
67.13923572080263,48.03538727189598,157.4728507703282,0.39954126424708725,1.3191029979568216,1
50.52534919050988,45.44813396627904,152.57703103219797,1.5779317050608912,0.6003681753223671,0
57.698759787651056,60.12091169446088,151.08006565604856,2.0043873957313547,0.0,0
36.435845077173084,26.74611917182958,118.13753737239365,2.4908051439643915,0.8889355408892854,0
57.206455349493154,56.347289670509106,129.87781412637517,0.5331382000646496,0.0,0
61.027073339835574,84.43318653917154,60.74077097338412,1.0858117593085224,0.0,0
48.49317030205753,58.391197919551594,10.67790106247162,0.0,0.04930206349583888,0
48.51601339048044,43.22818213189764,127.5040565172512,0.7542456389066711,1.6439390708915562,0
49.05514858922589,40.87210495229164,136.1995128136072,0.8707021284347484,0.43738904956308294,0
32.04982102890928,42.61388047978803,180.46322842126887,0.2764985901990684,0.35213358822353946,0
42.787069796394704,45.42867179513994,198.5667908041184,1.698734580279182,2.7546925154112465,1
42.712162013214616,43.1994824103511,198.49992424994736,1.432865481545678,1.152462497188714,1
50.750907965302424,66.4936059393422,70.0988203353061,0.0,1.138994510474826,0
59.997363703654415,18.802236142238304,102.38674825251154,1.7586095631621077,0.43029925479122516,0
29.12195877032386,65.51600090741842,144.01671479406897,0.38601104305316714,0.2036283323632223,0
43.124864545206336,43.1656425474339,246.59523388710886,2.0828267510286183,0.0,1
67.2218332148846,56.7850601425167,194.0049601856958,0.0,1.7687405319235583,1
33.84617656781154,29.714217616384452,175.969858099919,1.536007846237128,1.2483097057563792,0
32.6662497406452,73.91535920328985,100.61060222253548,1.1602040053361928,0.6208340067865867,0
48.0345928774679,72.42142928309372,75.84001844224377,1.8637222619403964,0.6627732981637443,0
57.6657778572798,67.27262946350132,159.44539416916197,1.6496367331816162,1.5361442622610553,1
45.17139083340989,22.73441403571629,64.966936788282,1.1938029899742546,0.0,0
64.93440885655484,64.92417927918895,108.07818245098487,0.0,0.21011866844619453,0
57.8519097384979,57.28739157744276,114.26110254990387,0.0,0.0,0
57.62730100335093,21.105117551613784,199.6456044561404,0.7993356730893372,2.5715092824867463,1
53.3117475198614,49.562647092125324,102.26513485201612,1.4900641392844955,1.6756555318533009,1
79.91479650519128,56.561620802598725,10.0,0.7701024633610596,0.0,0
41.922574667009336,60.00935492881671,145.2222323831234,2.250254316695359,0.0,0
14.947165619002291,53.190704605079404,85.04890734480368,1.1649348969459796,0.6676543266425138,0
69.06381542275712,55.242165503252835,122.13155122188734,0.34198473026458776,0.32755978792757534,0
38.13450853564761,76.52500506055571,115.66476495789382,1.1662844484145087,0.0,0
46.61820666514549,72.06861037839224,106.31480020911158,1.771031803579863,2.744762237650489,1
64.64326027290791,0.0,159.5170290892352,1.8898616625895013,1.1125399139825793,0
20.96610688411612,44.28610601292172,43.35675608236464,3.7540549583917553,1.2748163228630915,1
26.225291788407908,47.03628150420888,94.14928875228199,0.6973087919958968,0.1079850507677862,0
20.980830943217196,18.46222569091452,154.20189565586907,1.4118256060915195,1.5222741471780026,0
33.08795564961864,51.69529504818162,89.29576123278159,2.0113487361833116,0.41956723901798826,0
51.5945490902549,72.47763990338912,39.559664536501415,1.4718924489590217,0.5166568262925006,0
52.862817642191565,30.441778527369372,153.4277671628368,0.8992582248136162,1.4110019598252599,0
49.144112689928306,56.055216896417704,176.15473152207696,0.0,0.0,0
23.808511741614502,33.515177408664115,117.75023961784969,0.8869985291363813,2.397027859850983,0
10.34844845051034,37.90558357376582,21.957720076523373,0.21155710473863887,0.9823892147238759,0
45.815303780855736,76.59308541506063,155.2984873349408,0.0,2.0809442087804246,1
37.92335949542496,40.23395923798715,37.0056059290156,0.5451853899952963,0.0,0
51.890786575749175,58.31982480219124,135.43996384240828,0.24348993508025463,0.0,0
55.52930439331905,16.318073910902235,75.62680876289201,2.2005438543515377,0.0,0
47.07362148088023,83.52171610510784,62.008035711651736,2.2213102048971525,1.050297672664839,1
56.4019962806378,60.84774403351698,97.9044991460155,0.41534485250295017,0.8659833019182461,0
48.43817061172603,46.71500283229529,110.83512217863701,1.1877256433242547,0.3355881807688195,0
52.950970584022,60.35983717999811,87.7895874806776,0.0,0.0,0
34.42990105695176,24.623250278939416,149.43516391075752,0.906792059780767,0.0,0
42.305828792528125,71.28555335154783,97.69653107705831,1.9787782808428147,0.7515160995293441,1
47.95164144985436,44.16827404106426,169.0095435835911,2.4899254675369233,0.3344132204113999,1
57.30792713126128,46.32674872912818,134.05865828217398,0.6443435019704234,0.11439300764173777,0
39.093882416631416,41.15019893062128,85.1221396701846,2.762225832633024,2.3470894861316096,1
52.81750883598169,39.54827475057947,76.70300580838571,0.0,0.7176743218072661,0
41.01241812126931,62.50407100931135,37.625185047628065,0.002846641027449026,2.070042933926925,0
43.23686749007805,54.60632330187601,134.53665889334113,2.3515942387654514,0.26674781731730346,0
57.442785630361094,61.73146654525472,102.2706226374321,3.5053454742758965,1.044776283798657,1
15.104094434187662,49.841695589259714,10.0,2.0921183858204344,0.7445239837436651,0
25.552915078878584,59.237596599389256,93.21425636152999,1.451589136159185,0.0,0
22.767219038357688,42.46072260934931,74.9482985372524,0.0,2.228338306263913,0
9.995758202275425,90.13517314537188,198.78387960853303,0.0,0.6648463929675842,0
34.82603339767235,21.777252504251024,34.86106940533452,1.6552914442750428,1.5464182196329606,0
56.24150849591611,72.69687182413372,47.932460013297316,1.0703247965145906,0.04797127753844066,0
40.726739004261375,74.62233411297747,175.498482155285,0.17299778141745858,0.6351556184202354,0
47.96685122912778,34.66114149261931,187.83815787319816,1.5786390969960609,0.0,0
61.33826245066189,90.12692499000752,82.75085306371793,1.6381576410093714,2.0359984827633935,1
64.91529198401537,67.91882509301573,88.39570885955445,2.633299042248327,1.1114093474506759,1
43.96293097910791,67.48050212281241,150.81176982766564,1.663922739615241,1.1670535266808881,1
65.30378834354096,50.50439936646578,10.0,2.9740732420012614,2.158184147104979,1
46.38189987651164,46.089929152063824,26.940315774722194,1.5095928354585761,1.956341296899023,0
32.43902664258807,46.23064111328706,105.96332995746441,1.3615980062311968,1.5653425361362854,0
36.08399471701897,57.02955073375131,197.4945283064563,2.7771746234966184,0.0,1
22.791952311524756,75.22135295061014,98.21349559166302,0.3258709439502787,0.10432088048331645,0
31.677992193995216,53.26365592150555,125.04683958675773,4.877336943919394,0.0,1
39.62974967888356,33.59401478352878,176.6894636282006,1.950308973800083,1.5275336936257993,1
57.05377529067903,64.83968712292963,225.3442366639073,1.9569951034052078,0.9706519417500514,1
70.81154746748976,66.58071343510626,91.15757634258438,2.130115168767117,0.0,0
24.2672772693444,61.783871512060145,119.1581638133287,3.7525637703979706,0.6112557869887725,1
50.892412023898785,63.41898031744969,211.10276106714213,2.4510088940071277,0.0,1
29.391840912636983,45.12329365715945,43.890036240428586,0.0,0.7468435119302401,0
52.12045632694803,33.27819499164957,171.3790535276911,3.1841644617210054,0.0,1
43.0337002396841,34.372518248465965,69.08422338193708,1.0909241046659792,1.328827493384613,0
17.536412612287045,20.561661527758556,125.12361835515783,1.6285860874071882,1.1779626260340736,0
58.92445487352727,54.26507500782709,107.86904762998628,0.0,2.7079484933468816,1
35.92498930786903,48.497921901921316,72.09941996493853,2.131442421748675,1.6478732894973425,1
36.99149642439668,42.08022131846524,70.84490361708625,0.7183508519189373,0.3770857441774973,0
28.953713830654653,0.0,133.82071821268772,1.6202035655921685,1.618070093274486,0
35.18575084968667,27.54828554550496,169.77696640813411,1.1590811935670604,0.0,0
51.41835661042376,70.175131725257,113.51318984057484,3.810015362083022,0.0,1
42.16133488595392,38.036731998863644,123.50565793666082,3.8787123601747076,1.13314253207511,1
49.929930034237216,56.49065019782314,148.55870331455236,1.5558158042576897,0.0,0
50.42882780893265,24.967662260445387,71.419061349352,1.5767732536426258,0.762839215066117,0
64.8099248329225,75.89669868246617,156.98462542064615,1.051868440380582,0.0,0
39.85820773703431,47.407502119015824,160.96715485298733,2.8272075498033433,0.9013070551532636,1
22.847132747314024,55.22072713670363,250.1813149375205,1.1052961555999474,0.0,0
61.008336248579745,91.86403625387032,101.19479047202088,0.9943952704251608,1.2242481374551888,1
40.02767741854118,77.29592181060926,97.09590991659363,2.674311436397957,0.8193274236673896,1
61.71888666866066,44.48181881683296,158.44829357868727,0.8540410856200207,2.2003659168813305,1
50.75065669773706,39.32203667233353,160.9552084456069,1.4546939586617633,0.8067345341016222,0
43.032937046949826,44.14018979264843,93.2456423311644,0.0,0.031357195038533736,0
50.23163841069443,59.17816847257764,99.84186615349756,2.3450284141478,0.5531141441727172,1
74.26518840189449,48.10596558348432,147.056541910902,3.8290403270182423,0.0,1
76.1547079358063,42.88560538993751,78.62078796326693,2.3654704473597503,1.20613725470544,1
46.04071702699168,76.40926251276277,99.47330059924926,3.254159001056766,1.3898502463152722,1
47.402858899756126,47.94422194799893,124.47963836842173,0.4846774365872031,3.2691960366928177,1
61.14360236199578,91.39260367467175,169.79693424111292,1.783589138433841,0.1781640093955953,1
32.31508450848979,51.633366147539114,89.77006919102296,0.36820809075673266,0.5322054263248173,0
49.99605558927382,82.13573109604509,27.880776898466408,1.2266813453023886,0.22424147556178442,0
44.612057280692156,56.43174960879128,24.17012662408945,2.4266537728230055,1.012113701131224,0
49.7086231718633,67.33329031849006,57.02934666469333,1.6221847357239583,1.1816905344796136,0
32.49946791075891,36.95700107268096,54.341614090003134,0.0,0.7466251555714892,0
21.156487600365466,34.632333993426585,112.26946206900455,0.0,1.8863259168730322,0
13.905248460130622,58.27470719026977,60.55599232011975,0.0,0.18302049624522254,0
28.239238305155883,67.79395836437567,84.8622520089398,2.089743107927508,1.7861740478907122,1
38.119870725910005,50.72461703600833,81.29570575089751,3.9766734427880017,1.3384978536410825,1
40.60212620026857,26.84491996849345,97.97460695760033,3.1349498928002557,0.7879700801010535,0
74.05846743644275,25.51534940679211,186.1252165761561,0.0,0.4850633592428546,0
61.58990054860947,24.31154476064766,153.09737947152584,3.2052911256837406,3.2266677587313692,1
30.568633254875593,18.18280196709114,120.80647076380019,2.6236805004175765,0.0,0
50.21562678676435,51.97073647004758,96.9486859709581,0.0,1.0979331769684146,0
38.893826454745124,70.25079059074446,98.33836716884895,1.136158059947403,0.04978092975786752,0
40.73454242939857,49.75851583535344,136.38732349759746,2.8146268937949714,2.585620748621306,1
47.77988474123073,9.312534367918659,149.20845366761452,2.1605202131217425,1.6868263287992038,1
54.2875667546309,46.56631171397812,74.61912469496997,0.0,0.12165012115885598,0
39.91112274173977,47.069618060613074,121.82403778071158,2.232890586955433,1.3125949934312284,1
60.957772991015375,87.72797750405792,18.419021566848656,0.0,1.0576957212765554,0
27.87092660786394,23.771517567447987,130.58568920852986,1.2326133890913464,0.2833752380252613,0
45.09508593543403,42.967803153214476,158.1074620979343,2.8655481232800586,1.5581642172281733,1
83.96510589893748,80.70534824980216,105.99656865595622,1.5220730586855837,1.1893053911044102,1
48.346196139379124,58.099610144237865,210.82634980700527,0.901274940045665,1.0156987138859523,1
66.49821759909258,60.13963532329564,75.93807762819748,2.567215504526819,0.7580802887576713,1
46.37280267259812,52.06251986642981,130.87202076516306,2.669702178103898,1.2310544925996512,1
53.71165642994695,55.938983695830764,118.20876266670223,3.0720476314403404,1.0293876614924595,1
44.14825208410963,63.99697154501365,114.98511662782958,2.5492109141356645,0.8590933330250173,1
42.44388628253694,35.42924625993021,114.28389159976261,2.797649752724576,0.15898408401243658,0
33.3077640491187,65.8050544203476,125.35525150047359,2.3794902689250415,2.4937662407624925,1
51.4545203843633,25.285945696060296,162.397937173185,1.8186343789397663,0.0,0
32.22694216221348,55.91062351096769,188.8868118137372,1.607410799716577,1.227636218879745,1
54.98377854470144,53.217337339153886,119.88748777479213,1.2152883370831176,0.47975925769856714,0
61.27930506668865,38.90672441254206,160.76580360858165,0.04515804832832915,2.5595472694492996,1
50.497971108558446,49.59166504413836,84.91165268666087,0.3536261894162296,0.0,0
40.70626899666462,38.794277252020045,158.29777263631166,1.1615826216777485,0.06473673823966797,0
51.80948368963044,30.709376116488603,81.90042380865049,1.789742591522915,0.0,0
40.36990416680381,43.6349346509544,174.5329968044066,3.228975117605116,1.1234650509506103,1
59.033206881977236,30.128204563310092,230.53204386966198,1.4498433265493849,0.0,0
17.528908736773147,55.81035435367846,113.89580560143041,2.704171549053197,0.3214715052422338,0
39.965889478220305,29.298461105257456,10.372825459629567,2.7951787877185446,0.0,0
15.137820073140034,62.81558641383893,92.59635333775886,1.222263842773451,1.0404213541280907,0
22.574087546591926,28.73337677728124,181.59375671446517,2.2136282536442207,0.29978514124373745,0
65.45793344720863,39.806691519541886,147.65383935126223,1.207766349930166,0.0,0
58.42777472957529,38.75713865212678,132.44567993375148,3.0865630728941724,1.8856094029740587,1
34.20779650072814,73.85264111974709,170.43341779774195,2.2630120059191188,0.0,0
22.462448159386547,55.94521902109865,144.2226719624211,0.07141949437397366,1.5969436900282155,0
0.5320674323752286,46.188791554200904,180.88625937255682,1.6938295825846161,0.09895917601219562,0
36.84756738101048,58.97694993925502,165.97118383234928,3.4777345941886555,2.4015713778954257,1
81.30622518371104,12.070537748065618,196.08502263684795,1.2825227585439587,1.5495505389261464,1
51.52326407195471,49.223595386463664,137.93980419531272,2.037258036114082,0.0,0
36.60641570925766,85.95525520048574,165.26297007469773,2.155054605286974,0.0,1
51.976203142504595,52.3822371152481,104.64364634571074,0.25605252100247955,1.40552520522431,0
21.585624705083358,51.22243704504804,89.9269594220497,2.1128495390562168,0.5376218692898332,0
40.540149559535465,59.86631083355953,205.33838202094867,0.0,0.6306574929786345,0
46.492162095236075,66.12089437965822,130.8102338161344,0.7492510723183247,2.0722388617720977,1
43.708490222684276,14.045599527982525,160.24402829311896,2.7908675609930302,0.05131112663004356,0
56.86209182535121,19.718123327761518,126.18700072056951,1.9281075483700296,0.8912937721754546,0
50.169678393540785,53.78524323955064,90.67421745400179,1.1346266307041677,1.754627793652306,1
55.02489027161995,37.13222188584483,120.54914462912006,2.0357532254942248,1.6091174883856003,1
34.67441576653861,73.61645471995845,191.7997008883857,1.4278893026938422,0.6403873324793276,1
58.467231126158225,44.326860982065966,147.7620037139712,1.5150942028221999,0.5110941191473418,0
69.43405421435988,15.178446757163876,34.42634201347704,2.288182232064165,0.0,0
30.44775720522881,27.175749496808052,109.23777717119226,0.6271587112090418,0.0,0
31.6845651642816,0.5058316466496393,209.1146896352356,1.5484036866656288,1.1183592265747335,0
65.03676504480349,45.78574032890757,109.3101569075022,1.1252781664720166,0.6621178110577639,0
42.1298401995741,46.6090857092411,29.976065413290968,0.0,0.8749270785662264,0
66.05732088099836,42.359671223925844,214.6524442711272,0.3954530925008404,1.8392536096340606,1
38.36196432161724,69.4198227025353,154.11962549063963,3.3818477364765984,0.0,1
66.82568364406066,71.57335705730048,116.49935705935998,1.9616679775022807,0.5638196977673501,1
46.972287252081784,46.93300837959,101.42911319589658,0.0,0.9887109634112178,0
48.87343234984043,11.575513985416592,174.1175964895868,0.0,0.09584006242548404,0
68.47077032504856,61.11106844886065,92.90082998869038,1.3654033198672992,2.2314771139274168,1
39.57344283833743,59.99648411315436,177.4128212257994,3.3734238398117786,1.7085868016131476,1
30.883168561125625,55.56904826282501,147.1097642862128,1.2758902382347768,1.0901333270887554,0
38.27153687957468,67.66663548754609,132.2340962743675,3.068399464084819,2.5942317793285863,1
51.78500925964708,29.03309426370128,127.27574026677976,1.9223169249823888,0.0,0
21.513613917292286,86.1575969513325,111.2515981642911,2.065500549415072,0.7922737188943183,1
54.562063539766825,32.730300443446374,172.2820060104633,0.0,1.166336968934061,0
36.91843023573385,63.48601268961538,76.73285839490829,2.625027506099709,0.0,0
62.21718991100345,19.627741500559672,38.90374365848953,1.0980815552716714,1.1007145418177284,0
9.086095426492925,33.25523562913909,150.72200614462372,2.53571094433309,0.0,0
33.20151337343747,77.29463564105605,151.56191640335737,0.5229960216166645,1.490557318274253,1
19.70297773148847,45.303803185984705,144.01205762558834,1.712459217011895,1.8578347681289067,1
32.606558004540716,65.11860689239036,140.38641848090194,1.9224035447251577,1.0723334011283283,1
48.71498851663415,54.26519699694643,103.9729810831226,1.3151600201089602,0.0,0
42.31160061825368,48.11075319199689,159.37413521927627,1.985454231703388,0.0,0
41.19933646577977,74.5493058487884,117.72209366227295,1.1803235097689895,1.364710003213161,1
42.61222692929909,45.74014115626579,95.6443219592411,0.7211282963504647,0.8211986435123658,0
48.05082360929915,17.946714063857527,104.40543438723,3.4265800593527573,0.0,0
29.871959370853382,35.54167834486931,221.0319849387916,2.7587434396337307,2.0428303838682407,1
55.60274461348576,59.92145111663049,33.251195897728365,0.5869623059421879,0.9366565062538323,0
54.93998955578226,57.119163914525146,144.98940521478994,2.1821331667135353,0.0,0
50.77556906484151,21.79295149576211,36.04447861881414,0.6087853743586163,1.7949555975666642,0
53.34800164126895,36.96183465065238,114.58833308385134,0.07837842760521108,0.12245998709310113,0
49.446270012129894,39.52901571435956,98.3186257422906,2.7405713296787715,0.11154788239578539,0
75.52609954096602,43.421547305943946,15.748585166006109,0.0,1.1583526510140363,0
43.693587434212354,25.233555405172073,139.45187952168814,2.6122270962918495,2.581038459242295,1
40.39375172498135,38.689320053849386,100.9980968903902,1.1967332249123297,2.4235871779728866,1
33.697086294639334,36.88501126532851,15.0396828719378,1.2461440763033655,1.1597114989041066,0
29.516059941332447,63.88759867571455,161.9784045387126,1.9917014635479475,1.2623856588503197,1
26.33292318598387,64.56418359782438,191.75030889944674,2.197438574393103,1.591498932084825,1
31.668040301536223,47.37541175440131,194.5062171148286,0.5083881878053101,0.0,0
43.93979427521893,42.943283674326835,137.94782203257355,2.361270730500076,1.4441483371519825,1
50.01442692746572,52.51863761670404,122.30290692885578,1.636044645630268,0.0659265318564719,0
45.76713087828243,35.301648065799654,186.40783104478984,0.0,1.1184780667965808,0
33.51697083855431,29.357022520986064,204.11917926700494,1.296150619704313,0.5725323723926627,0
58.50276846029945,33.076018239337095,176.67843514378126,3.157534818670711,1.3012083271142143,1
56.09119008451421,38.573363048513784,72.92311988850994,3.5119137578948356,0.9181034650064601,1
42.605275388669746,29.05747160373912,130.0672426607461,2.3608181491304125,0.0,0
35.206257830029315,52.91707206313175,141.97580721457143,0.07158781419795601,0.9788917117051806,0
53.226418812446994,63.13488212810675,29.519151554138546,2.088728282947066,1.4421529522992627,1
47.81960381229157,21.432230585631647,143.4680329810387,2.521033084631031,1.2459283483384538,1
23.278091108774287,50.4523168018886,233.64959129896945,2.3708495799824663,0.6974140537914204,1
43.98029616023393,46.04115568520596,151.99680829003955,2.4419451464255015,2.442161691930406,1
48.93053718111572,56.14715633966245,193.6706540720878,1.9359156950970369,1.111373129121661,1
31.504578202683692,49.76710217413542,129.14573650643524,1.4131051934033476,1.2376733001931064,0
47.847650892561646,23.835212961230646,116.33908380080892,0.769959004915178,1.8444918940505688,0
23.177662721133164,27.276992620571022,139.0635695040488,0.0,1.162592999696599,0
65.04279150018256,50.52962436052951,79.20866760077837,1.907570120056021,0.0,0
63.71924977589148,68.51805655541916,71.81124063828057,1.7232634123826263,0.0,0
41.212239985455525,10.144627321225947,183.3152278584683,2.1690910113897797,0.3228790979819186,0
50.4518150675861,56.22307843642844,188.6171171433259,0.0,1.5609455258811167,1
8.851170513001875,71.41319609517757,70.44468422063248,2.2740200271780724,0.4469036685821942,0
27.654785096020007,47.245534228288165,168.3999402276932,3.9654541135449324,1.6011783722817294,1
40.59331619771805,59.903644928475934,115.65200121969896,1.5941401569334936,0.948728175920273,0
28.91800467859711,37.34475654383956,136.99042872452154,1.426001616952151,2.088066070262185,1
55.71594723945988,47.851408413016216,143.01093197175317,1.8708028273028412,0.504783292879339,0
74.95944796121991,20.82355667045327,169.71752340621592,3.9388044296524054,1.267614826567688,1
27.35077920856047,7.801820448460269,124.13591009315944,0.27162268596013095,1.3058850645353592,0
32.43804893872211,66.96978442205496,190.5080997650968,1.743848320072686,2.301601872631193,1
48.531725524648955,32.27009130096005,135.47064198799623,0.5404110932428271,0.0,0
69.16674222749431,41.80049878993825,151.20921362347661,0.8435943349860061,0.34159172544684246,0
26.66438531190145,25.044039441136523,78.33687042313767,1.4404916305416728,1.648516105388504,0
48.73554183460413,24.620545344490235,227.9329505352417,3.1167878899362704,2.345896479778648,1
72.31948276219663,46.87092139829691,143.49124616024832,3.661188720826484,1.0400715126420803,1
20.22361277731099,36.86761050555836,155.64987126725498,2.0377705735520477,0.5072958355785131,0
25.78396189731252,56.80347796390457,39.59070943942292,1.0480863323718177,1.5571183686744448,0
38.64590090308742,58.14569154163266,78.86489884604495,4.491286639966222,1.6687026752316831,1
37.19117380716884,55.77529363384293,181.89418439593652,0.9869346224045759,0.44033832133269285,0
57.189019316304666,54.294814236711986,134.34455591463023,0.8146369027683152,1.1303073121775462,0
48.62489579731257,78.39982768877395,24.3110132585537,0.0,1.9805272624119694,0
18.375569105368076,30.78331215719205,171.91449644919095,3.175309883093692,2.6904589932744516,1
52.731156043512165,49.01117240834748,92.81085978236382,2.661894710845553,1.542604959235292,1
36.336916689665244,70.3884167693526,190.56584929383558,4.401366643339735,0.8441388966655932,1
64.11670825411858,72.76171656808465,115.60821606981501,0.0,0.7459248239620918,0
35.5861869534462,24.408254311797688,130.23533430102648,3.2498049689749315,1.3573965571936228,1
35.450770753466465,44.37760205019434,178.9477289295824,1.5841626220393528,0.6843271575205498,0
53.116974162067976,74.44617972561069,75.12535145726689,2.4673202601601636,0.9896404990223883,1
56.44389723505405,59.14542389358317,70.35765960830301,0.0,0.0,0
51.72149045904305,53.51473456663591,110.17507898009464,3.2616981871983564,2.097057196491159,1
19.716040239227876,46.081675518176176,161.35863998106112,2.443820101598196,0.0,0
53.07051659892377,43.09158333726058,53.45613736932546,1.453307958256539,0.36788823954698746,0
29.485379224884014,55.18794313562584,36.598270005545174,2.2741352251933455,0.8975932608518139,0
48.52914167382395,45.4572657502793,161.1860463521896,0.5814056387493011,2.7909868798886386,1
23.643983469014096,49.233584821200004,89.85108437164982,0.8046718973019608,0.3773170151476727,0
51.69483221314596,51.414776710070676,100.38869935398584,0.9438664636495245,0.13398418603960371,0
32.90101643538941,37.79471248711702,27.159479902991706,0.0,0.24918308266620626,0
25.760480246092175,59.57832872986589,86.05103428240089,2.5341101930440404,2.4588971676113127,1
55.70730204723599,100.0,119.62163516844247,2.929912337019079,0.0,1
48.62466782515127,18.014240492130646,166.5188928811446,0.65838702028339,0.0,0
35.79034797910654,55.83222543541964,81.43849168826806,1.9178436191337824,3.5312887091595515,1
66.76768273531596,36.3165784048597,202.86880601162483,1.1813514304449164,1.390882073491637,1
38.39021367645386,60.393246395346495,85.77219879100997,1.8939287544972365,0.0,0
45.48161510956402,50.8380345199015,85.84540992074128,0.746907310546765,0.7580820178252285,0
49.03370171517901,63.71338593276434,196.8678775948901,0.43988981269483696,0.8674545660678618,0
35.705010988070796,71.15911837715802,130.57300761819585,2.762489863228491,1.646125245905606,1
52.06704440099894,53.46358011982726,92.39876354942118,1.423355297850609,2.6395020028225638,1
36.99821479252913,70.3769411914552,112.24334344097034,3.926530741024171,1.1885516812792156,1
38.82542516675686,7.8026379118038065,187.65367887710295,1.5555719577529679,0.2602116969870393,0
65.43963959705012,78.62814136248842,193.3101409812841,0.38870635157940936,1.5870844420982042,1
29.391209212313505,56.751118734062125,79.16034103648721,2.9723290517231264,0.10174730313713898,0
8.80829503605765,69.40118040341328,117.8783094960446,2.256960196975224,0.0,0
69.16405492517842,28.04223659285261,124.50784138337866,2.3722474364357082,0.0,0
83.23991928910505,35.046142131103956,70.68799447417013,2.928720814641502,0.0,0
38.92096101826002,52.62688929460593,117.21574736750028,0.7166444473850466,0.0,0
15.94742939069722,49.69331799192567,120.26614302258503,1.347296029217655,0.0,0
40.34274035706085,55.09523458417981,177.01047394683678,1.294260202214648,1.1132365273747173,1
40.70665575238996,69.52127289673939,180.37125141556004,0.0,0.0,0
42.151142384666144,18.226034324548714,103.5395300820496,1.1836918198101078,0.0,0
28.299179371172276,67.52874329091156,109.30234280695942,3.103655349452189,0.0,0
53.693417137147165,50.149074379242684,153.21461510278178,1.7848057245526163,0.3281403522785807,0
52.86761062929129,46.33192649975814,90.74057755364943,0.0,0.19455051212803465,0
22.583915702710403,23.519925781071976,149.43200758687013,0.0,2.3195246793091844,0
55.48795097542332,59.05487603078357,115.60467563153927,3.4977312704979253,0.1864574407108499,1
75.79027472918837,6.54605868144133,71.53007111306897,1.3916171876938441,1.680923463199198,0
47.5794049865559,61.671092202296826,72.15816435601766,0.7231077531580592,0.7810174003191384,0
39.94012256897241,23.142094961486144,192.3529348015551,1.1712098821235963,0.7576952743274014,0
42.86995178388718,50.96224242711453,112.17892604283507,0.0,0.0,0
54.22885150452842,47.854960928097434,202.01770469491555,3.2077141794139434,0.7412173484192329,1
19.039925917391727,71.05168665128991,94.3181869642545,1.0283364748967645,0.03490387310258314,0
47.465860544659535,46.78420695774998,134.56026005657466,3.140881833286106,0.9700243142545706,1
39.14304075805785,37.50550589937802,239.6338361509121,1.5619820573367782,0.5637503673763118,0
72.71737519434069,40.88115147251835,67.13066276683604,3.215438369482128,0.0,0
42.38740899292563,72.91188983758394,25.10927500501117,1.8080333988517023,1.7918943397005953,1
70.0183141667928,59.653345445256086,184.32950656436168,2.523879195442891,1.2268404800214254,1
28.443889533269893,43.058660332583095,78.65954473034631,2.362911655306004,0.3519372658577518,0
53.808887502041884,45.743964440638756,118.96468179468832,2.247949279502365,0.94549304703531,1
49.79100395686843,21.790812369461953,90.70408947742075,1.9175213726192526,0.7161774784980364,0
31.964291282028263,56.99253561532774,133.40813904776581,1.220579140661298,0.0,0
47.66094171955411,18.323317261481616,72.47318964071289,3.798521629887432,0.8704962290211639,1
63.187782552474005,63.53233638503821,111.0029956058347,0.41167561788491924,0.17898824519262557,0
40.14312443570099,52.315188664842786,142.49076632782672,1.5051691708117916,0.0,0
19.62056026245355,92.9651323923306,69.5845556862869,1.5178630502491146,0.0,0
44.73655760283831,30.197560032962496,84.99579851770555,1.9829289040122258,0.44139264646136933,0
31.46365357811231,48.152082361268604,102.63085832007341,0.9846328249265986,1.3669706595837234,0
39.864885920041765,82.36917861661513,48.559228288686086,1.8776955667075053,0.1053406466211404,0
43.77618345472319,71.44501352524546,98.87195086006268,1.2973888977564407,3.32070869215797,1
19.41521675976724,37.4681830715618,125.9398269951451,0.0,1.6856856536527323,0
20.76512491018983,54.03141371072206,100.02255292057858,1.5114627435082157,2.104330132660478,1
52.23100253288288,50.03598841547157,106.43117535341378,0.17932160036381806,1.5952430120737586,0
37.1592195574548,55.07520561309483,119.00491645467073,0.0,2.6528649749385727,1
6.52883487269149,37.42375215227307,87.2128268783843,1.664247984827262,0.012998016527457912,0
56.77266054912202,48.39223275138678,154.55312829334386,2.0854600104234797,0.0,0
49.0855463291136,21.235057245019153,191.7989062400888,2.1320376505254917,0.353874391647117,0
34.29187763945274,52.43222213362548,96.78098039022757,2.180604848423633,1.3582185755475376,1
25.24754683412638,58.100372121592976,144.25991157388535,0.0,0.9515169717479786,0
57.537118444715055,45.90645057241009,108.01914222826765,0.0,1.0754726109677837,0
50.240259338406446,20.92908396947382,138.27436725192524,3.868225724176405,2.1209100026698726,1
80.7390342402611,67.79357353132633,198.28897656016272,0.24334948790755662,1.1820575744624997,1
51.30282898087406,56.56145068387044,145.43297715090495,2.233009237364027,1.5989129275910217,1
50.815547118930226,36.931728241382416,31.32927305951597,0.6756748540009848,0.0,0
42.49608104837152,44.949191956914845,142.69978157234794,1.5956072871210774,0.0,0
57.25163800801187,22.987950749926902,181.64318716545046,0.7400949572716872,2.4141139230244875,1
54.3762780187223,31.54261769999772,108.92019150009486,2.1738493855435737,0.9009015351470679,0
63.77587512847792,40.319395765571485,169.78174030589162,1.6641289407800388,0.17677081655386517,0
37.18015622044073,72.11157462104272,85.4942229424027,0.9620522716269196,0.17860550645288187,0
38.46888790584057,38.48893896402544,45.72304202388631,0.23979345638314764,0.15087687836174246,0
37.8134524363203,61.52384586791766,127.058450941632,1.8213290369910133,0.0910409789541583,0
56.86202581768484,40.31030834849156,32.1761639626843,0.04473744114889189,0.0,0
67.47561660445098,54.46305609533375,108.01144935532041,2.0129772505450063,0.0,0
38.11739260276049,47.45488096141156,184.34211313227513,4.65178189084428,0.6049956223455809,1
38.62839408310363,65.71501880166939,24.51185471268596,3.120204061514414,0.2070741296796006,0
49.71115835804699,40.37339591206596,56.02516020430511,2.3620174642729954,1.9071592854432953,1
41.31357749980648,21.694491499956065,68.39838774192111,1.3972712427106229,1.0930766532669165,0
59.28080479709835,25.124917435454613,116.834007014452,0.0,1.065317680077983,0
11.223340640714298,40.42620510903036,101.71416071768954,0.0,0.05687959244554941,0
32.59942429624658,27.51692052779505,189.95681908480435,3.0393514273232562,0.6789715842200243,1
33.26375499057831,57.383816282231926,167.71741645458488,0.5522927038502643,1.1610011036314405,0
10.194659814207824,41.6161730325546,144.7636473034299,0.660897482203144,1.5161957397126753,0
30.54542333446794,92.74291790047576,127.28151571719424,1.3012194291791743,0.7061081734816346,0
31.272658262311108,18.721137287531626,139.66148884924138,0.22554448938413452,1.879123779324209,0
41.983430182217546,53.66539721677642,76.90088223433125,0.02787751853803644,0.8079893089079427,0
61.694488374903955,29.69684557689796,162.86051767783061,1.4394311126622938,1.59284711851768,1
41.32409023213946,41.11877587311179,64.39778728203996,0.43016465439355644,0.31014779141084975,0
29.53779419593269,52.545550520129794,161.76884969511156,0.6107777042653262,0.0,0
44.14568188179707,8.143315252262838,179.30712510594157,0.5625707686235929,1.0683589880185227,0
60.73760432162024,54.26287010218449,130.54323010440436,2.126832256601362,1.5253240631466256,1
30.360617758276426,84.25233432093502,111.18934705190121,1.2214491714055713,1.3753473318075695,1
31.341376741178273,41.83811062936533,140.01549541548366,1.2857136385273755,1.2221866614374401,0
53.37823438911335,54.67654142249917,10.0,2.21633507677066,0.45141303404501276,0
41.67695826403799,68.44859047625718,135.11291092427305,1.3295524701204717,0.0,0
54.712270360642115,47.048836999514066,114.33230010800965,1.1660954778513926,1.3517282690437806,1
44.79529812307055,39.5427166064333,117.46859434715044,2.064540426684205,1.226447416198275,1
55.524954721343505,9.036744733008462,155.32662564489138,2.3018374122691574,0.23910090915617377,0
29.473828289390386,61.53783294910952,116.2615539217636,1.3235118005896749,1.909424189192057,1
44.81873023817599,47.96296862487985,62.9896571674421,1.596729330744626,0.0,0
41.83964978455265,31.77169067501309,112.9298664587311,0.5618517243200064,0.2164766212089596,0
26.76163613843804,52.27874078499848,123.37777420404123,0.4671803482025694,2.436425212341665,1
21.547830781969672,39.49375357748873,125.74669557905064,2.4229770023601693,1.6685819377339128,1
55.28623552911993,40.488329639920536,128.0959683642534,2.033930475053546,0.44199069410897746,0
39.73571426673033,60.91324080995675,171.96845224592766,2.046358126099891,1.0873807096435506,1
29.665795775290057,25.909116596170797,65.69827234829262,1.8370252184706266,0.9547922445238384,0
43.55731594615002,68.85167514932765,128.7850228082425,1.5554439309779442,0.0,0
61.92028286023954,24.841649063868733,184.49648493091206,2.3356942689873232,0.0,0
10.788932319421157,38.071374649605254,33.26942515314023,2.6221305132273405,0.7491533828907185,0
22.550419651450106,84.61303149319839,128.98233403900267,2.593473606228777,0.44338852344069385,1
31.156703371570984,70.2923857095636,90.73107490134782,1.3790665008648157,1.0471025648304206,0
66.91768300080494,51.756871864917926,101.46448077634476,3.1643912758906056,1.92948231294792,1
49.238804743789444,33.07045612097811,74.7596248392789,1.7741528180787853,0.4784642153460726,0
56.5097586069184,40.473098479401926,111.5224642149778,2.2588514310789582,0.0,0
27.897586213106543,51.318955662542535,212.06278072134523,1.8385054690018556,1.1248516585110453,1
28.206961870942106,50.67541818211277,56.77848194113932,1.796408048981009,0.47337666643219656,0
51.717205750840655,48.36432326673267,61.51949987605863,0.6170976116996164,0.6439364991780974,0
45.8741149640317,49.44501474648468,54.90327149182477,2.341621006013791,0.5082262808469213,0
53.2310822829619,46.141248025307945,206.37091433140506,4.914353273889167,3.0418378000109856,1
42.18493513607322,24.044382758479767,96.88301472393564,1.0502459102519,0.0,0
49.172155896819405,40.70280664110501,118.71804698261629,1.5851936585099378,0.4116660968673539,0
47.37178627357664,66.46323297176323,99.86085294468802,0.9645536827832851,0.796310974351608,0
56.66651083627388,25.369982644079887,72.77885607984543,0.9143761181256785,0.018857507717221278,0
57.10512422916706,46.58800079229299,108.24246766927823,3.3533393737424073,1.699825832128283,1
20.70192008412345,35.24442928212481,242.912180286828,0.6924347787270424,1.6132576787196395,0
11.290971669887163,52.004307729166,189.60354604871276,0.9311034319603665,0.7522453815114595,0
60.02618096477261,43.004602740797274,77.35310911038638,0.0,0.5293262446563058,0
62.81587639892905,76.59308596954403,152.3787051530843,0.5908659305493033,0.688043165768353,1
29.690654707299938,59.11849677542457,78.42386136668118,0.0,0.6952133463521893,0
17.10246890181557,26.387543016010195,31.18161805768895,2.2581656390543143,0.7216269718742374,0
46.485522315108014,62.08210420904658,170.97554588323146,4.859636666204771,0.6120008984832006,1
58.96257339525794,36.05626658728286,178.00464233217753,1.0599854476193735,1.0524493145923928,1
71.96391783651472,39.6140653152044,172.30261255239498,0.0,1.5532120648278651,1
52.744463581521764,55.64874236192819,96.50673753902136,2.5799995973156795,0.0,0
39.42424955121457,41.14854644485757,111.6612132999007,0.6276900492838118,0.0,0
31.60304067622706,66.0714046938132,157.48827768290616,3.0592163166642483,0.0,1
45.17176937505982,36.05881889275888,139.57480186740537,1.1615651426520663,1.6663974003575994,1
40.511029441721156,38.85896205335546,100.31812643514779,0.7418211731006631,1.0503232931904631,0
29.77398141406776,38.18532391613404,39.04640899409176,1.2864509331051763,1.3052675159327707,0
75.7313347629493,39.8185025296093,125.69375970710061,2.4093321131234244,0.0,0
71.77752603108196,69.78544799986064,173.95048196180568,1.2270952430932123,2.5849481228801383,1
62.040730253331425,61.31833328498546,60.12058554829214,0.9039303566475535,0.19114909185464235,0
31.187244032863084,80.77899117221727,151.93796908379886,1.261402076425354,0.9682058071112559,1
57.82528986445918,90.81759567018659,136.57708475668463,0.0,1.6543846606783719,1
54.594396142468526,31.447093425217883,157.50741316161668,1.9764379227527762,0.0,0
51.638184363060795,51.2675442918912,163.59877498595037,0.0,0.25367564148733324,0
63.74497900565666,28.828394300418207,85.27673790373235,0.9670542547613816,0.9791717746008743,0
54.53056714291916,36.00309330053119,39.1520299917527,2.411262250596892,3.657473075464706,1
56.10021354456504,38.65851481539795,93.32402371585604,1.86365793951926,1.1011247428520243,0
54.55359425058315,30.971212265511063,164.45636587635036,2.2083846875836683,2.406361150630718,1
50.11187112003159,31.066029087828554,92.89980482370144,1.4219451927374291,2.0056731451919556,1
18.24583305428725,47.40288118663541,85.29783380711791,2.90369541718262,1.1680100364945187,0
46.25431616115836,28.099068469044674,28.932482903768076,2.6096390361237503,0.0,0
36.65712061726312,65.15828526447739,207.63237772754695,2.0353692050972096,1.859753610818235,1
25.80238563539969,33.48043632648475,161.2856820712655,2.613054932776252,0.0,0
70.22724928951236,100.0,158.4947990637382,2.400508265284292,2.4008751236770918,1
70.93493011328556,41.87507988264089,168.38626933897368,0.9726437839837317,1.0000053082182554,1
65.38830900443418,51.29631755450694,148.8354180771701,0.0,0.0,0
48.82820125283812,26.683858679611365,107.78355724102354,2.0044345510111485,0.4594939049681611,0
65.25937681428985,80.70965164629752,111.81179479388992,2.1553070769977145,1.4539478209229406,1
45.18079770902738,70.1510122544525,98.62178177039377,2.8085663893662787,0.5629761269602334,1
48.04195915346669,55.34448567325003,251.73703772075,0.37641446994564776,1.5150058109935733,1
28.597929443070257,25.757554121967818,147.79560156497212,0.412282728867404,0.0,0
50.9548695674826,53.792003799043165,96.80997793242827,2.0518803195693245,0.0,0
45.905788926366256,29.81424117168941,143.27483870831398,1.414599613376296,0.7285545969523947,0
25.460218247483034,76.32239474252049,69.45655410718413,0.0,0.8315656672899149,0
44.232043322751046,64.56550517335711,195.22533592946135,1.9501297965050288,0.45161564893767864,1
43.804056542147876,51.71790269277925,86.94654520964299,0.0,2.0272911466421926,0
71.9634174996696,6.1452380615481985,145.0542716311233,0.36569213775194864,0.0,0
58.41319992770114,32.29851238413745,173.29888148715673,3.122017647432129,1.1131656073323495,1
45.17168158637199,62.3797003687977,139.23842721024965,3.689854821368538,0.8679699711636253,1
48.73180964701624,71.8319064510168,124.72349959098192,0.041212357833646074,0.0,0
45.66318567156297,69.96505660685837,120.54010424280075,1.1047301551047668,0.0,0
41.956290228066784,21.343765959653805,117.17794515564464,1.5511470276944472,0.8119110162486315,0
28.7635920391757,55.427941522632274,91.16507555362489,3.6374723130978817,2.781199998686964,1
42.73422183589606,68.27927389669273,97.52582851151479,0.9085572626107181,1.3792698118988111,0
33.8085261502123,20.149959819519587,193.97951868254677,0.9277391723600663,0.0,0
26.245266916152804,49.85771872328174,114.57316836574216,3.358470670155434,0.0,0
52.66832721821302,54.92916316955221,80.71018653086134,1.0502530167380904,1.5330535930043798,0
50.86896989899852,44.58623747275877,94.18512015692457,2.366642050759749,0.7037865170718011,0
18.19938732947883,16.66108660277837,175.01853403486115,0.0,1.9412659695103696,0
43.15973043757309,44.137434018672884,153.78033165822393,1.2945207070892086,0.0,0
59.93552078849885,44.10850225540957,148.01645891161286,0.0,1.1502124978585262,0
60.88835608344481,47.33469671814042,107.12394005451043,0.23347946285315468,1.6461734630278628,0
60.38755264327858,39.85751434234875,148.66812350864726,2.507041626182716,0.3525363617935182,1
45.5836981035219,42.02578124165359,87.8219437524676,1.440113530695945,0.37391442976893463,0
32.32432008046273,49.2852869177544,107.01929843271127,1.1170731113364305,0.8252628310983905,0
28.74451758962909,57.964182889454804,168.49022436958728,0.6015004512228989,1.3426763465603289,0
50.16907357125536,44.52031826857999,163.71388394595323,1.2352127121104606,0.7856659954880891,0
50.689200515477445,42.626319289375964,70.90450770245984,1.8613358005208323,1.7739963377594865,1
64.30996667407598,51.66237268858025,77.22367735457121,2.679499447754114,0.33806481073297007,1
61.49969475513125,15.423513333886731,125.43510764067048,0.0,0.0,0
43.016570152032415,58.586632290076246,206.3066187334755,0.5018865908846284,2.77697536811318,1
26.336911817086957,49.98986425178674,24.22174177655029,1.690915490626807,0.1953662634575537,0
40.21340104483653,50.714483478756115,133.91664697852522,1.381364260845257,0.23155791628225275,0
48.25846792215787,67.29321753670035,51.197833421342594,1.98405149103207,0.7341966789278157,0
41.96875131915894,14.849320459131533,88.28345032372272,1.8210483433518645,0.8671811096539812,0
36.331588378835164,14.470990342538656,101.77857909678792,1.1341585644079113,0.4133163575117172,0
48.79327222454848,54.928469215823355,98.97458282815546,0.8677761648153876,0.7825661030509911,0
37.44063387884084,49.871896607686715,93.31020301703958,1.205398212317399,0.7602377685718261,0
35.57900874411939,53.06318497745478,120.3603530188185,2.878490819787291,0.974819327020807,1
49.67179251455159,41.68171264689598,93.23722166847108,0.6215904805131427,0.0,0
38.97011129806193,61.95836613631876,46.87713075729236,1.4246319322272534,2.6808763070078494,1
48.66156583467528,66.78749917384016,158.99348062613882,1.7200106567981053,0.6527116864654425,1
49.09806034278184,58.71168129112749,157.643608357444,3.37242111584935,1.3806226194469855,1
27.90856498362638,45.305087748717504,162.15871550113346,1.139630090116424,0.0,0
37.78138314201882,12.061591022940746,42.96327518679591,2.650567987213153,0.32899973875074984,0
66.56665409874694,63.84625174466831,134.94590762920754,2.9783752839180266,0.12768413367958553,1
27.568807308985694,71.99111599191667,153.79894279034616,1.423494882011222,2.2697237645085453,1
13.250183265442036,61.60205141571164,68.43989657802075,1.247137225107885,0.21418639316411725,0
17.072322701362328,34.166436307384885,120.45866240910645,1.1051355935421407,1.5580799869400912,0
45.43664919865004,62.12829908601964,114.18666773448172,1.193012238908901,0.1495795473268049,0
45.46375917049048,65.48953474330602,212.10753292841318,2.5250878326921993,0.347381060346056,1
43.235837168623185,78.05869246038354,216.22480185062864,1.7772119727066167,0.5544498347993141,1
63.21284743392752,34.23002136389676,36.78218033348996,1.7823476510038434,2.0838451268293,1
4.9074835034559285,45.92381747820551,244.69635028639948,0.14973178754419814,0.0,0
50.939008116462354,63.450896920582196,74.2387139423338,0.3390119071497186,0.0,0
68.4215730270536,51.03338128588684,169.03366471637128,4.072136189732376,0.0,1
28.08328852662429,29.888103163077055,168.52489904318654,1.2866091296535724,0.0,0
39.30290232315157,57.46309313048066,70.21548865790966,0.5702736053059678,0.0,0
33.70662124157069,60.415909408673,144.66338969195496,3.2173189987071567,0.0,1
31.584809308837066,51.58333213395804,114.6233127866968,1.8381702584202624,0.06585225338533107,0
40.1060699246544,53.952528689238996,147.71650023161953,2.193785900237426,0.0,0
66.41227925526758,45.34329376965686,131.53361511903128,1.3343435096621596,0.0,0
72.5608001323128,76.60902084288907,179.81697426851235,1.117592291307835,2.0004203999102006,1
39.96091162439778,33.78754069317182,123.76997715730312,1.2964963530032516,1.2035880702811028,0
73.57590321096706,39.42822627025198,111.60629652868444,0.0,0.9874676721725277,0
45.533647154769376,50.19773924349546,174.80321165285903,1.394487108696123,0.0,0
71.30536540051622,65.82117249861606,149.01979824293016,1.8552396924511407,0.0,1
43.60052025519762,23.047282938298338,156.5906697160444,3.7205558806125048,0.0,0
46.96586739069217,26.414658504222096,86.77066638707015,1.6031988780062585,0.7567901731039851,0
50.482117089642514,13.320886860775076,67.73686093007629,0.0,1.6681767797266684,0
92.68280519051302,50.58851405455887,91.61389283736492,1.3872174806584543,1.7023674171353205,1
57.769283622671836,29.87049529028221,88.95893071597057,4.787404959729967,1.4306123624833331,1
34.39103205072804,43.0780980196775,159.3099634326457,2.5396394819820474,0.06244313593205586,0
59.53496805413787,61.904807418050744,168.79920251470259,0.5269332674296936,0.824549832403988,0
39.57251194373488,38.45223102590876,112.24348552337997,2.209327817316668,0.47865746996275416,0
37.653747256481864,54.163076409380565,191.5459509412176,0.6095838901323116,0.5988102365052498,0
58.62902039838167,44.611917660469004,188.4234696882565,0.0,2.837127896959813,1
45.46628381656729,62.09805767173586,132.16994582002695,1.0819567641191135,0.0,0
49.17863871767709,58.55230521226416,78.905411422848,1.6098317270866334,0.5653231840777392,0
45.209778327979386,37.54519346885702,198.768832471777,0.0,2.0117489071961567,1
50.04874689908152,46.964268438791855,116.94913244857959,0.12100885135363693,0.0,0
51.37448846154224,68.7873811589689,126.30825982154873,1.5124026758188256,0.15625257473374965,0
15.945496009418772,57.080783664573744,103.01974871967157,1.010192188813255,0.2709615024323605,0
54.998590029143,24.854682960479632,75.51048368514012,1.973773525375309,0.5767102779460156,0
30.269708702545493,61.80112510108489,46.56802848423541,0.04239800722972631,0.0,0
23.365512966608833,30.477008796147715,151.6434161778644,2.356936498263961,1.3952860603380395,1
44.123831342119765,75.4252352592981,80.82994730516899,0.07948908352776596,1.466287282513144,0
46.25971504971682,68.43377911713844,272.97656144984114,3.471281162325156,1.3083753250179477,1
34.59740753141579,55.21793856653122,65.69632086937605,0.0,0.0,0
57.465477865019615,52.83019118185148,57.1308762509315,0.18893487553990496,0.8865107907872951,0
24.867372504436396,46.23741939150644,145.50693578067205,2.000844963638195,0.0,0
38.895843768411616,62.21343112520051,196.46567394836478,3.4970799017971657,0.46740333922848737,1
36.22688797600499,43.32599294968289,123.22948284716108,1.878051643339405,2.9534679271708777,1
44.30119094490991,54.24025767151809,148.6121210093637,2.175429504218869,0.8956953775962561,1
49.182964269708584,65.69481859735012,27.822629127064516,1.5210442820076702,0.0,0
29.88160575564683,39.88748221653938,86.12442271541167,0.2683218550617681,0.9803353406639139,0
55.864240161843426,38.9085306801675,66.31921354312165,0.9118339821127449,0.0,0
45.945035525020494,28.501421346959738,25.247707502605948,0.04570833602246793,0.0,0
16.620806200321343,30.8394905697289,125.84901170119434,0.0,0.0,0
15.621128394044533,17.088884394052954,10.0,1.9820987031836956,0.3556905478043165,0
44.81521060606033,63.13691820227953,53.89020169562757,0.15218642149444594,1.7369689955892016,0
41.68549023320469,82.56046175748988,93.1403102993291,1.8834648080680336,1.3783981980168392,1
43.4486982963805,75.6559209824655,78.4357082024462,0.0,1.3229953282473284,0
44.58026315204673,20.730479204722705,139.82042511035337,1.8556596241401055,0.0,0
48.38339759265271,63.0473840880116,135.279009595124,0.913580917244445,0.2586856445643514,0
59.214744147724495,75.59791429862402,164.68993729677283,3.1879386403807732,1.0720011068831883,1
28.333426486236625,41.77742034670405,157.61918663563392,1.8884626746948778,0.1716800146115871,0
27.42042610648808,51.82605375170089,177.04063946806906,2.98293947159297,0.5216335596989017,1
28.600142131689264,13.85792508551593,119.90407999954729,0.593223940289769,1.2413586925299496,0
49.333750007530604,54.801251023579546,135.17334504083348,1.5673720082930007,0.45122731879869804,0
63.674210679696685,30.855924870175087,145.57568509595956,0.322695410260466,1.0260595891020252,0
38.529908426407346,53.59343032240726,127.08283486955129,1.0036737087066983,2.3927284560195687,1
7.4745023376051805,21.898347400600155,100.14028450414631,1.185474932706445,0.6281412010130025,0
19.44010706084437,59.771448040596724,103.3778732830115,0.628970135175433,1.9793378097192063,0
32.50444915805983,68.44122815768041,79.12208008350173,0.04139656938516589,1.359370067307358,0
36.634066687571774,35.902762489126985,141.08084149549148,0.0,0.0,0
38.8741705911791,29.53539353461218,115.29924129574222,0.0,0.0,0
45.57871684471375,11.191585234100337,86.84131246816176,0.23238424379585054,0.0,0
40.32380503766329,45.204556386646814,86.88775903377037,2.2529926760062136,0.0,0
60.74009415815111,39.53130918293111,59.48006361086057,0.0,0.7097102538931859,0
34.859740414779466,22.081650577735015,168.94206706185997,0.0,1.4146440480818223,0
32.06523060786685,58.15433761361909,123.93088347658937,3.649078285479498,2.0551584167047228,1
52.18313307780692,41.900533126436315,76.85999902133649,0.7362047401820951,1.1081750887250823,0
21.96536895110821,30.636752744385817,160.42738748010092,1.885255210997803,0.35432044394679024,0
50.845375579800034,40.01769669847195,91.97755951028135,2.2707805758005937,0.0,0
46.538297755894,69.28348170073308,49.67496864938836,2.295031355737536,0.870589575417338,1
42.78836265122749,60.852864987594,171.06111446095665,0.0,0.8257701936949914,0
68.82414160723894,47.65953089302718,93.14515052169435,1.2227283841206118,0.9829287535389577,0
35.66688832057923,61.14389033236735,99.55504548956053,0.0,2.9062402977033326,1
75.90447255786117,29.1035847850387,122.05900101745887,4.4355814306923875,2.040596546193072,1
41.61852826157851,50.58266181308655,177.12946113950574,0.0,1.5850609182499857,0
25.84475332544658,52.65180194875647,121.00186454331559,0.24259173735621586,0.0,0
46.04879371492238,41.542942847022914,60.04414369273849,0.2512789741901944,0.28700525080325656,0
28.85632199521848,57.83825004723352,147.193850205609,0.0,0.7051553930714979,0
33.7236622827975,35.952197816399874,95.7505137869138,3.1231126917078544,0.024592875989646434,0
50.955499500232364,59.17677273997012,214.3961985764733,4.406937481300195,1.300464524985118,1
53.33373132975187,59.93345788756325,119.94401390010549,0.9291010568248592,1.1569088492157045,0
35.66748449618613,0.0,10.0,0.0,0.0,0
59.81107717569601,71.42550266318212,137.8682486077837,0.0,1.9968167090961244,1
62.36261637031701,0.0,217.22988961301144,1.2070695377734784,0.9023103338088604,0
66.54452634844937,38.911117539989746,198.79601442726948,1.1203614922062675,0.0,0
52.941201106885835,68.45626461663959,211.54771443782826,0.7184446483678265,0.7486571416550306,1
65.45143068128547,44.28883894545607,69.01199073092683,1.765650304771474,1.0812064559229049,0
16.788023580389133,23.608652315548245,165.60761979883893,1.9742077713785835,1.7727923614357406,0
40.23140177057306,30.31273288909993,83.90027301316442,1.8876999095254807,0.46252359687338374,0
31.994921155148607,68.48430343377115,131.2144699708462,1.1206501536378153,1.6279382674472074,1
46.78838791691088,15.412918450124515,56.352378563013374,0.1780538045108857,0.9871419867702158,0
36.428261712048936,70.32183981731632,87.77721175586419,2.298999717368059,0.0,0
42.50763237075402,49.00816221723879,86.18766513181924,1.5150165113058365,0.0,0
73.23262320306074,28.536884052036196,164.9277640071308,2.56602902980158,1.9225598701493487,1
42.45420305369433,39.50392869855156,160.03595608348277,2.4480906593666774,1.9959841783817691,1
51.20688475785321,31.689961860170456,133.84098646654104,0.0,1.122909230404723,0
41.515960051136474,65.59205361545352,52.47892909723072,0.0,2.2957067211800286,0
46.135699319352504,63.18370057573109,104.418028302514,0.5933511375113659,1.8566098490416068,1
45.09025020654107,19.055099590231162,82.69417585286371,0.23248151005119855,1.483628729479721,0
51.72486098959739,42.735341866651986,163.48378783472455,2.406302131171321,0.0,0
62.479613033207656,34.46265807780301,178.90924264085922,1.9215716111855012,2.5314287510323434,1
69.71090996404993,73.28317943226867,172.81927930154416,2.819020792542373,1.336301432208273,1
49.6443012286375,25.698215873724422,82.23902902914898,1.9757841808931018,0.4141612253883784,0
53.843203290534035,78.87612388433026,10.0,1.7503794982480427,0.13172999469470204,0
27.737032362216496,49.400694688695125,31.651905093497277,2.9396757364130046,1.056783781513857,0
43.681848863765694,29.085180685158424,191.08134890411043,2.063672807682058,0.0,0
59.10434197325384,37.809064687833,99.9372530340088,1.5817211561252627,1.4996732753528628,1
57.9895295762573,35.57086086616789,82.46376908674438,3.2765436407168225,0.0,0
48.174145991925755,27.056868763720892,202.13301467181168,1.638217059783348,1.1706081088242868,1
58.29590939351929,51.70688347514676,183.25799727441634,1.134791274098494,0.27837966264184055,0
52.36150063490728,27.89752008754682,121.22243609598934,0.49461208946682045,0.5355812872752964,0
63.004593873889824,10.753408242712602,105.3298454468013,2.3436305508544937,0.043090127234935216,0
49.340387354356665,43.165823524732886,113.39493935934374,2.9844606502109627,0.6387705688191985,1
39.66452526643448,17.548588464478115,131.35813991937331,1.4392951182798839,2.6893795460173537,1
50.037618853995355,36.46110437478463,200.0023640659804,3.069498748535806,2.1850596270486404,1
1.041084362208366,33.636148005139596,141.12337121186133,0.0,1.1544789549954566,0
50.74328604577574,34.318110703535346,156.30145165195705,1.4334559502305022,0.7747057344350476,0
0.0,86.01733582862276,178.46350545350856,1.4518861054746766,1.644201190692885,1
19.14804888891873,51.015408209052275,61.516199948779054,0.6276067531111836,1.9299703941075566,0
51.776529014114764,54.41667816191598,157.74309462370215,4.3606332455782475,0.0,1
52.162940059001926,18.024830665838696,105.27156226691943,1.4205688407734867,0.7225611323677978,0
27.563568297901043,38.228663594535405,10.0,1.0107230740746802,0.0,0
34.31846937181592,53.87544733894722,13.591522900709407,1.531154536120206,1.923102110260895,0
65.55811482921197,31.558479567565886,69.09411942406572,0.0,2.8650242577008553,1
37.73954802640986,66.34513118332373,146.56116142962907,0.588158489586102,0.8800826246230855,0
78.64380468604477,28.351461453781457,125.68997826701482,2.679887963334485,0.0,0
44.97120220235481,44.84540955442684,129.2183353587832,0.7452655740806704,1.4088905165770311,0
51.120542653219005,39.451070480439945,217.5471741343346,0.5053498046396743,0.0,0
69.25311597747911,52.95777186887449,56.54551925700938,3.0714307638172804,0.13665055833554007,1
46.965406742901294,38.47117870660233,118.62833229081382,3.1083052811421945,1.4265763897910038,1
29.964840289637984,45.12391471272313,135.2217761406908,2.12038856659337,1.0545541255127244,0
43.354088224585645,45.74965834799626,83.18634417308323,0.9538591991535993,0.31189122466139835,0
44.465838957148634,36.78102036695658,121.41633725414705,1.2126347218604119,0.15039436739833567,0
24.52887521697652,58.731689632948026,40.002533295782754,0.5350200461100493,0.9258360552208328,0
41.162518929887646,54.29099074707366,190.4953108637514,0.3062722571656262,0.39053444748763255,0
33.86711859003845,48.404948985442985,85.91927237347831,0.2467002140298813,0.0,0
58.86536635781151,42.251749997684755,221.57000823892514,0.758334711857751,0.46743681852164,0
45.51917811277883,64.33779254935995,118.37628380412725,0.25833481117830615,1.1395926232551843,0
40.75806376278645,45.754983611344734,171.40267826995915,0.0,0.6218965331803668,0
43.40727104066136,44.47944881913313,117.33485655044228,1.7632832037046868,0.0,0
48.34683027609249,51.884420537986266,118.4628083869735,1.7815146970721245,1.7890646213755395,1
54.252212995346696,80.53856029347531,90.7985333388996,3.54095131011398,0.0,1
30.00431656995928,25.87358825561833,125.95619646831388,0.6979939579743569,0.35363484497156483,0
29.376185510680923,63.85742407499639,135.89993472070236,1.8553207075479246,0.17980154544608418,0
61.570188231037946,15.922919097714107,80.787074554241,1.875255095129762,0.9481788778714149,0
38.81494691692904,53.91091684811523,113.74777920700579,1.1953949266493602,1.3616618078027356,0
23.747368611046888,78.35149089695716,89.49505669714432,2.3932003064996112,1.9267648082610354,1
51.65719064074657,58.79603344041153,234.98320348074193,2.4302750242208573,0.08759512664783986,1
51.9505470904903,53.07125141371627,115.51346150441907,1.8928933142370479,1.3865823373334818,1
22.039271141149403,39.91190956154464,197.26160758482797,1.1932323539426455,0.9958183878814612,0
48.442225731954096,50.55884960879398,110.21888345961558,1.070963869734558,0.0,0
56.033746386425605,45.462869322739586,132.9643820767454,0.0,2.7005402554341096,1
50.61579677559395,35.8524210572356,53.931796417736535,0.5328986656587701,0.0,0
54.47972225642093,44.78223892145235,97.64637040660676,0.7535909713179746,1.219497272309715,0
23.935963528638766,53.57086089127591,130.52673353946233,0.15123388508467905,1.1899599441977478,0
49.965602324942935,36.19009276644847,199.30019154799334,2.027908760025197,1.0756367823290771,1
40.4607036079433,35.486927227675686,131.09913888381357,2.9359534427844123,0.30542311783839254,0
37.75814761913033,25.51561812334086,189.18601805964994,0.41032508120501987,1.6272526511405023,0
58.0583341412959,57.03305046960013,152.03645551014603,1.8401297228935647,0.0,0
67.18911766011345,59.81581871540709,201.3700669732343,0.2590666325643478,0.7341712113260771,1
71.91555081900538,54.169887996257316,117.04788913474722,1.1340933948730054,0.23612532344754156,0
64.72211807258857,67.37306886911598,239.5111355325902,0.671604504986669,0.12270205793296851,1
43.35398727554725,51.58161746745309,95.73018985429385,2.22227477832773,1.2287477874535457,1
50.290802445395144,57.05619687258362,81.67690829011656,0.6854541913893861,1.8774785427196832,1
56.50234307676365,55.46907366147613,59.497357515548295,2.7139924964479762,0.456744238163134,0
46.81766923949193,48.352279650472255,236.55123357790353,1.2051350716053613,1.5806810899257775,1
46.96146281867316,40.44520709366635,160.97237863089487,0.720475548486203,0.8497406654445985,0
57.35629697814273,89.8547470842544,103.29396333098458,0.0,0.0,0
